sample	unit	library	flowcell	platform	lane	sample_id	barcode	fq1	fq2	kb1	kb2
21N02082	1	Plate4	H7FMMDSXC	ILLUMINA	4	21N02082	21N02082-21N02082-Plate4	data/fastqs/LCWG_Novoseq_LOSH_Plate4_Indiana/21N02082_S149_L004_R1_001.fastq.gz	data/fastqs/LCWG_Novoseq_LOSH_Plate4_Indiana/21N02082_S149_L004_R2_001.fastq.gz	3152293.952	3209397.858
21N02084	1	Plate4	H7FMMDSXC	ILLUMINA	4	21N02084	21N02084-21N02084-Plate4	data/fastqs/LCWG_Novoseq_LOSH_Plate4_Indiana/21N02084_S150_L004_R1_001.fastq.gz	data/fastqs/LCWG_Novoseq_LOSH_Plate4_Indiana/21N02084_S150_L004_R2_001.fastq.gz	4140948.005	4192785.517
21N02085	1	Plate4	H7FMMDSXC	ILLUMINA	4	21N02085	21N02085-21N02085-Plate4	data/fastqs/LCWG_Novoseq_LOSH_Plate4_Indiana/21N02085_S151_L004_R1_001.fastq.gz	data/fastqs/LCWG_Novoseq_LOSH_Plate4_Indiana/21N02085_S151_L004_R2_001.fastq.gz	4784663.376	5009719.008
21N02096	1	Plate4	H7FMMDSXC	ILLUMINA	4	21N02096	21N02096-21N02096-Plate4	data/fastqs/LCWG_Novoseq_LOSH_Plate4_Indiana/21N02096_S152_L004_R1_001.fastq.gz	data/fastqs/LCWG_Novoseq_LOSH_Plate4_Indiana/21N02096_S152_L004_R2_001.fastq.gz	4566816.571	4724364.301
21N02098	1	Plate4	H7FMMDSXC	ILLUMINA	4	21N02098	21N02098-21N02098-Plate4	data/fastqs/LCWG_Novoseq_LOSH_Plate4_Indiana/21N02098_S153_L004_R1_001.fastq.gz	data/fastqs/LCWG_Novoseq_LOSH_Plate4_Indiana/21N02098_S153_L004_R2_001.fastq.gz	4694861.404	4860623.541
21N02101	1	Plate4	H7FMMDSXC	ILLUMINA	4	21N02101	21N02101-21N02101-Plate4	data/fastqs/LCWG_Novoseq_LOSH_Plate4_Indiana/21N02101_S154_L004_R1_001.fastq.gz	data/fastqs/LCWG_Novoseq_LOSH_Plate4_Indiana/21N02101_S154_L004_R2_001.fastq.gz	5309680.941	2694610.944
21N02102	1	Plate4	H7FMMDSXC	ILLUMINA	4	21N02102	21N02102-21N02102-Plate4	data/fastqs/LCWG_Novoseq_LOSH_Plate4_Indiana/21N02102_S155_L004_R1_001.fastq.gz	data/fastqs/LCWG_Novoseq_LOSH_Plate4_Indiana/21N02102_S155_L004_R2_001.fastq.gz	5716124.168	5913837.322
21N02105	1	Plate4	H7FMMDSXC	ILLUMINA	4	21N02105	21N02105-21N02105-Plate4	data/fastqs/LCWG_Novoseq_LOSH_Plate4_Indiana/21N02105_S156_L004_R1_001.fastq.gz	data/fastqs/LCWG_Novoseq_LOSH_Plate4_Indiana/21N02105_S156_L004_R2_001.fastq.gz	3832671.55	3660143.003
21N02109	1	Plate4	H7FMMDSXC	ILLUMINA	4	21N02109	21N02109-21N02109-Plate4	data/fastqs/LCWG_Novoseq_LOSH_Plate4_Indiana/21N02109_S157_L004_R1_001.fastq.gz	data/fastqs/LCWG_Novoseq_LOSH_Plate4_Indiana/21N02109_S157_L004_R2_001.fastq.gz	5533503.858	5439771.461
21N02110	1	Plate4	H7FMMDSXC	ILLUMINA	4	21N02110	21N02110-21N02110-Plate4	data/fastqs/LCWG_Novoseq_LOSH_Plate4_Indiana/21N02110_S158_L004_R1_001.fastq.gz	data/fastqs/LCWG_Novoseq_LOSH_Plate4_Indiana/21N02110_S158_L004_R2_001.fastq.gz	5399601.839	5527188.328
21N02111	1	Plate4	H7FMMDSXC	ILLUMINA	4	21N02111	21N02111-21N02111-Plate4	data/fastqs/LCWG_Novoseq_LOSH_Plate4_Indiana/21N02111_S159_L004_R1_001.fastq.gz	data/fastqs/LCWG_Novoseq_LOSH_Plate4_Indiana/21N02111_S159_L004_R2_001.fastq.gz	5666181.563	5888681.377
21N02112	1	Plate4	H7FMMDSXC	ILLUMINA	4	21N02112	21N02112-21N02112-Plate4	data/fastqs/LCWG_Novoseq_LOSH_Plate4_Indiana/21N02112_S160_L004_R1_001.fastq.gz	data/fastqs/LCWG_Novoseq_LOSH_Plate4_Indiana/21N02112_S160_L004_R2_001.fastq.gz	5255569.257	5421263.846
21N02117	1	Plate4	H7FMMDSXC	ILLUMINA	4	21N02117	21N02117-21N02117-Plate4	data/fastqs/LCWG_Novoseq_LOSH_Plate4_Indiana/21N02117_S161_L004_R1_001.fastq.gz	data/fastqs/LCWG_Novoseq_LOSH_Plate4_Indiana/21N02117_S161_L004_R2_001.fastq.gz	4633346.979	4714819.022
21N02119	1	Plate4	H7FMMDSXC	ILLUMINA	4	21N02119	21N02119-21N02119-Plate4	data/fastqs/LCWG_Novoseq_LOSH_Plate4_Indiana/21N02119_S162_L004_R1_001.fastq.gz	data/fastqs/LCWG_Novoseq_LOSH_Plate4_Indiana/21N02119_S162_L004_R2_001.fastq.gz	4979281.614	4917798.433
22N04609	1	Plate4	H7FMMDSXC	ILLUMINA	4	22N04609	22N04609-22N04609-Plate4	data/fastqs/LCWG_Novoseq_LOSH_Plate4_Indiana/22N04609_S163_L004_R1_001.fastq.gz	data/fastqs/LCWG_Novoseq_LOSH_Plate4_Indiana/22N04609_S163_L004_R2_001.fastq.gz	3169681.408	4866604.301
22N04613	1	Plate4	H7FMMDSXC	ILLUMINA	4	22N04613	22N04613-22N04613-Plate4	data/fastqs/LCWG_Novoseq_LOSH_Plate4_Indiana/22N04613_S164_L004_R1_001.fastq.gz	data/fastqs/LCWG_Novoseq_LOSH_Plate4_Indiana/22N04613_S164_L004_R2_001.fastq.gz	5694381.897	5808966.524
22N04618	1	Plate4	H7FMMDSXC	ILLUMINA	4	22N04618	22N04618-22N04618-Plate4	data/fastqs/LCWG_Novoseq_LOSH_Plate4_Indiana/22N04618_S165_L004_R1_001.fastq.gz	data/fastqs/LCWG_Novoseq_LOSH_Plate4_Indiana/22N04618_S165_L004_R2_001.fastq.gz	6176633.72	6206039.745
22N04619	1	Plate4	H7FMMDSXC	ILLUMINA	4	22N04619	22N04619-22N04619-Plate4	data/fastqs/LCWG_Novoseq_LOSH_Plate4_Indiana/22N04619_S166_L004_R1_001.fastq.gz	data/fastqs/LCWG_Novoseq_LOSH_Plate4_Indiana/22N04619_S166_L004_R2_001.fastq.gz	5455992.502	5553300.321
22N04620	1	Plate4	H7FMMDSXC	ILLUMINA	4	22N04620	22N04620-22N04620-Plate4	data/fastqs/LCWG_Novoseq_LOSH_Plate4_Indiana/22N04620_S167_L004_R1_001.fastq.gz	data/fastqs/LCWG_Novoseq_LOSH_Plate4_Indiana/22N04620_S167_L004_R2_001.fastq.gz	6387909.644	6526714.518
22N04621	1	Plate4	H7FMMDSXC	ILLUMINA	4	22N04621	22N04621-22N04621-Plate4	data/fastqs/LCWG_Novoseq_LOSH_Plate4_Indiana/22N04621_S168_L004_R1_001.fastq.gz	data/fastqs/LCWG_Novoseq_LOSH_Plate4_Indiana/22N04621_S168_L004_R2_001.fastq.gz	4643462.507	4575897.124
22N04622	1	Plate4	H7FMMDSXC	ILLUMINA	4	22N04622	22N04622-22N04622-Plate4	data/fastqs/LCWG_Novoseq_LOSH_Plate4_Indiana/22N04622_S169_L004_R1_001.fastq.gz	data/fastqs/LCWG_Novoseq_LOSH_Plate4_Indiana/22N04622_S169_L004_R2_001.fastq.gz	6175143.677	6368892.649
22N04624	1	Plate4	H7FMMDSXC	ILLUMINA	4	22N04624	22N04624-22N04624-Plate4	data/fastqs/LCWG_Novoseq_LOSH_Plate4_Indiana/22N04624_S170_L004_R1_001.fastq.gz	data/fastqs/LCWG_Novoseq_LOSH_Plate4_Indiana/22N04624_S170_L004_R2_001.fastq.gz	5904607.566	5964351.386
22N04625	1	Plate4	H7FMMDSXC	ILLUMINA	4	22N04625	22N04625-22N04625-Plate4	data/fastqs/LCWG_Novoseq_LOSH_Plate4_Indiana/22N04625_S171_L004_R1_001.fastq.gz	data/fastqs/LCWG_Novoseq_LOSH_Plate4_Indiana/22N04625_S171_L004_R2_001.fastq.gz	6189762.811	6300310.975
22N04627	1	Plate4	H7FMMDSXC	ILLUMINA	4	22N04627	22N04627-22N04627-Plate4	data/fastqs/LCWG_Novoseq_LOSH_Plate4_Indiana/22N04627_S172_L004_R1_001.fastq.gz	data/fastqs/LCWG_Novoseq_LOSH_Plate4_Indiana/22N04627_S172_L004_R2_001.fastq.gz	6873704.47	7028260.471
22N04630	1	Plate4	H7FMMDSXC	ILLUMINA	4	22N04630	22N04630-22N04630-Plate4	data/fastqs/LCWG_Novoseq_LOSH_Plate4_Indiana/22N04630_S173_L004_R1_001.fastq.gz	data/fastqs/LCWG_Novoseq_LOSH_Plate4_Indiana/22N04630_S173_L004_R2_001.fastq.gz	5912816.531	6147855.204
22N04632	1	Plate4	H7FMMDSXC	ILLUMINA	4	22N04632	22N04632-22N04632-Plate4	data/fastqs/LCWG_Novoseq_LOSH_Plate4_Indiana/22N04632_S174_L004_R1_001.fastq.gz	data/fastqs/LCWG_Novoseq_LOSH_Plate4_Indiana/22N04632_S174_L004_R2_001.fastq.gz	4990066.325	5095029.39
22N04633	1	Plate4	H7FMMDSXC	ILLUMINA	4	22N04633	22N04633-22N04633-Plate4	data/fastqs/LCWG_Novoseq_LOSH_Plate4_Indiana/22N04633_S175_L004_R1_001.fastq.gz	data/fastqs/LCWG_Novoseq_LOSH_Plate4_Indiana/22N04633_S175_L004_R2_001.fastq.gz	5488344.49	5805790.385
22N04634	1	Plate4	H7FMMDSXC	ILLUMINA	4	22N04634	22N04634-22N04634-Plate4	data/fastqs/LCWG_Novoseq_LOSH_Plate4_Indiana/22N04634_S176_L004_R1_001.fastq.gz	data/fastqs/LCWG_Novoseq_LOSH_Plate4_Indiana/22N04634_S176_L004_R2_001.fastq.gz	5132353.55	5221218.924
22N04635	1	Plate4	H7FMMDSXC	ILLUMINA	4	22N04635	22N04635-22N04635-Plate4	data/fastqs/LCWG_Novoseq_LOSH_Plate4_Indiana/22N04635_S177_L004_R1_001.fastq.gz	data/fastqs/LCWG_Novoseq_LOSH_Plate4_Indiana/22N04635_S177_L004_R2_001.fastq.gz	6684856.243	6985116.385
22N04636	1	Plate4	H7FMMDSXC	ILLUMINA	4	22N04636	22N04636-22N04636-Plate4	data/fastqs/LCWG_Novoseq_LOSH_Plate4_Indiana/22N04636_S178_L004_R1_001.fastq.gz	data/fastqs/LCWG_Novoseq_LOSH_Plate4_Indiana/22N04636_S178_L004_R2_001.fastq.gz	6392209.383	6691887.908
22N04639	1	Plate4	H7FMMDSXC	ILLUMINA	4	22N04639	22N04639-22N04639-Plate4	data/fastqs/LCWG_Novoseq_LOSH_Plate4_Indiana/22N04639_S179_L004_R1_001.fastq.gz	data/fastqs/LCWG_Novoseq_LOSH_Plate4_Indiana/22N04639_S179_L004_R2_001.fastq.gz	5919159.046	6117188.786
22N04641	1	Plate4	H7FMMDSXC	ILLUMINA	4	22N04641	22N04641-22N04641-Plate4	data/fastqs/LCWG_Novoseq_LOSH_Plate4_Indiana/22N04641_S180_L004_R1_001.fastq.gz	data/fastqs/LCWG_Novoseq_LOSH_Plate4_Indiana/22N04641_S180_L004_R2_001.fastq.gz	5040631.865	5229363.118
22N04643	1	Plate4	H7FMMDSXC	ILLUMINA	4	22N04643	22N04643-22N04643-Plate4	data/fastqs/LCWG_Novoseq_LOSH_Plate4_Indiana/22N04643_S181_L004_R1_001.fastq.gz	data/fastqs/LCWG_Novoseq_LOSH_Plate4_Indiana/22N04643_S181_L004_R2_001.fastq.gz	4371871.573	4524846.47
22N04652	1	Plate4	H7FMMDSXC	ILLUMINA	4	22N04652	22N04652-22N04652-Plate4	data/fastqs/LCWG_Novoseq_LOSH_Plate4_Indiana/22N04652_S182_L004_R1_001.fastq.gz	data/fastqs/LCWG_Novoseq_LOSH_Plate4_Indiana/22N04652_S182_L004_R2_001.fastq.gz	5511316.557	5787693.994
22N04654	1	Plate4	H7FMMDSXC	ILLUMINA	4	22N04654	22N04654-22N04654-Plate4	data/fastqs/LCWG_Novoseq_LOSH_Plate4_Indiana/22N04654_S183_L004_R1_001.fastq.gz	data/fastqs/LCWG_Novoseq_LOSH_Plate4_Indiana/22N04654_S183_L004_R2_001.fastq.gz	5588611.233	5848911.25
22N04656	1	Plate4	H7FMMDSXC	ILLUMINA	4	22N04656	22N04656-22N04656-Plate4	data/fastqs/LCWG_Novoseq_LOSH_Plate4_Indiana/22N04656_S184_L004_R1_001.fastq.gz	data/fastqs/LCWG_Novoseq_LOSH_Plate4_Indiana/22N04656_S184_L004_R2_001.fastq.gz	6674804.485	6971400.131
22N04658	1	Plate4	H7FMMDSXC	ILLUMINA	4	22N04658	22N04658-22N04658-Plate4	data/fastqs/LCWG_Novoseq_LOSH_Plate4_Indiana/22N04658_S185_L004_R1_001.fastq.gz	data/fastqs/LCWG_Novoseq_LOSH_Plate4_Indiana/22N04658_S185_L004_R2_001.fastq.gz	5721648.838	5947612.848
22N13593	1	Plate2	HCNWNDSX7	ILLUMINA	1	22N13593	22N13593-22N13593-Plate2	data/fastqs/LCWG_Novoseq_LOSH_Plate2/22N13593_S1_L001_R1_001.fastq.gz	data/fastqs/LCWG_Novoseq_LOSH_Plate2/22N13593_S1_L001_R2_001.fastq.gz	2605558.784	2771535.643
22N13595	1	Plate2	HCNWNDSX7	ILLUMINA	1	22N13595	22N13595-22N13595-Plate2	data/fastqs/LCWG_Novoseq_LOSH_Plate2/22N13595_S2_L001_R1_001.fastq.gz	data/fastqs/LCWG_Novoseq_LOSH_Plate2/22N13595_S2_L001_R2_001.fastq.gz	3034796.374	3080961.962
22N13605	1	Plate2	HCNWNDSX7	ILLUMINA	1	22N13605	22N13605-22N13605-Plate2	data/fastqs/LCWG_Novoseq_LOSH_Plate2/22N13605_S3_L001_R1_001.fastq.gz	data/fastqs/LCWG_Novoseq_LOSH_Plate2/22N13605_S3_L001_R2_001.fastq.gz	2640135.765	2781899.476
22N13607	1	Plate2	HCNWNDSX7	ILLUMINA	1	22N13607	22N13607-22N13607-Plate2	data/fastqs/LCWG_Novoseq_LOSH_Plate2/22N13607_S4_L001_R1_001.fastq.gz	data/fastqs/LCWG_Novoseq_LOSH_Plate2/22N13607_S4_L001_R2_001.fastq.gz	1927439.315	2016662.858
22N13609	1	Plate2	HCNWNDSX7	ILLUMINA	1	22N13609	22N13609-22N13609-Plate2	data/fastqs/LCWG_Novoseq_LOSH_Plate2/22N13609_S5_L001_R1_001.fastq.gz	data/fastqs/LCWG_Novoseq_LOSH_Plate2/22N13609_S5_L001_R2_001.fastq.gz	2447929.484	2568477.011
22N13610	1	Plate2	HCNWNDSX7	ILLUMINA	1	22N13610	22N13610-22N13610-Plate2	data/fastqs/LCWG_Novoseq_LOSH_Plate2/22N13610_S6_L001_R1_001.fastq.gz	data/fastqs/LCWG_Novoseq_LOSH_Plate2/22N13610_S6_L001_R2_001.fastq.gz	2773940.977	2993816.41
22N13611	1	Plate2	HCNWNDSX7	ILLUMINA	1	22N13611	22N13611-22N13611-Plate2	data/fastqs/LCWG_Novoseq_LOSH_Plate2/22N13611_S7_L001_R1_001.fastq.gz	data/fastqs/LCWG_Novoseq_LOSH_Plate2/22N13611_S7_L001_R2_001.fastq.gz	1928982.862	2055305.156
22N13612	1	Plate2	HCNWNDSX7	ILLUMINA	1	22N13612	22N13612-22N13612-Plate2	data/fastqs/LCWG_Novoseq_LOSH_Plate2/22N13612_S8_L001_R1_001.fastq.gz	data/fastqs/LCWG_Novoseq_LOSH_Plate2/22N13612_S8_L001_R2_001.fastq.gz	2477922.64	2632761.042
22N13613	1	Plate2	HCNWNDSX7	ILLUMINA	1	22N13613	22N13613-22N13613-Plate2	data/fastqs/LCWG_Novoseq_LOSH_Plate2/22N13613_S9_L001_R1_001.fastq.gz	data/fastqs/LCWG_Novoseq_LOSH_Plate2/22N13613_S9_L001_R2_001.fastq.gz	2247625.859	2398473.18
22N13615	1	Plate2	HCNWNDSX7	ILLUMINA	1	22N13615	22N13615-22N13615-Plate2	data/fastqs/LCWG_Novoseq_LOSH_Plate2/22N13615_S10_L001_R1_001.fastq.gz	data/fastqs/LCWG_Novoseq_LOSH_Plate2/22N13615_S10_L001_R2_001.fastq.gz	2510270.676	2727823.197
22N13616	1	Plate2	HCNWNDSX7	ILLUMINA	1	22N13616	22N13616-22N13616-Plate2	data/fastqs/LCWG_Novoseq_LOSH_Plate2/22N13616_S11_L001_R1_001.fastq.gz	data/fastqs/LCWG_Novoseq_LOSH_Plate2/22N13616_S11_L001_R2_001.fastq.gz	1808134.787	1936675.432
22N13617	1	Plate2	HCNWNDSX7	ILLUMINA	1	22N13617	22N13617-22N13617-Plate2	data/fastqs/LCWG_Novoseq_LOSH_Plate2/22N13617_S12_L001_R1_001.fastq.gz	data/fastqs/LCWG_Novoseq_LOSH_Plate2/22N13617_S12_L001_R2_001.fastq.gz	2146603.054	2283600.227
22N13619	1	Plate2	HCNWNDSX7	ILLUMINA	1	22N13619	22N13619-22N13619-Plate2	data/fastqs/LCWG_Novoseq_LOSH_Plate2/22N13619_S13_L001_R1_001.fastq.gz	data/fastqs/LCWG_Novoseq_LOSH_Plate2/22N13619_S13_L001_R2_001.fastq.gz	2009788.548	2066242.2
22N13620	1	Plate2	HCNWNDSX7	ILLUMINA	1	22N13620	22N13620-22N13620-Plate2	data/fastqs/LCWG_Novoseq_LOSH_Plate2/22N13620_S14_L001_R1_001.fastq.gz	data/fastqs/LCWG_Novoseq_LOSH_Plate2/22N13620_S14_L001_R2_001.fastq.gz	2346817.055	2573200.144
22N13621	1	Plate2	HCNWNDSX7	ILLUMINA	1	22N13621	22N13621-22N13621-Plate2	data/fastqs/LCWG_Novoseq_LOSH_Plate2/22N13621_S15_L001_R1_001.fastq.gz	data/fastqs/LCWG_Novoseq_LOSH_Plate2/22N13621_S15_L001_R2_001.fastq.gz	2486326.876	2656804.468
22N13623	1	Plate2	HCNWNDSX7	ILLUMINA	1	22N13623	22N13623-22N13623-Plate2	data/fastqs/LCWG_Novoseq_LOSH_Plate2/22N13623_S16_L001_R1_001.fastq.gz	data/fastqs/LCWG_Novoseq_LOSH_Plate2/22N13623_S16_L001_R2_001.fastq.gz	1741724.379	1833357.704
22N13625	1	Plate2	HCNWNDSX7	ILLUMINA	1	22N13625	22N13625-22N13625-Plate2	data/fastqs/LCWG_Novoseq_LOSH_Plate2/22N13625_S17_L001_R1_001.fastq.gz	data/fastqs/LCWG_Novoseq_LOSH_Plate2/22N13625_S17_L001_R2_001.fastq.gz	1771805.548	1850123.744
22N13641	1	Plate2	HCNWNDSX7	ILLUMINA	1	22N13641	22N13641-22N13641-Plate2	data/fastqs/LCWG_Novoseq_LOSH_Plate2/22N13641_S18_L001_R1_001.fastq.gz	data/fastqs/LCWG_Novoseq_LOSH_Plate2/22N13641_S18_L001_R2_001.fastq.gz	1823137.729	1946567.537
22N13645	1	Plate2	HCNWNDSX7	ILLUMINA	1	22N13645	22N13645-22N13645-Plate2	data/fastqs/LCWG_Novoseq_LOSH_Plate2/22N13645_S19_L001_R1_001.fastq.gz	data/fastqs/LCWG_Novoseq_LOSH_Plate2/22N13645_S19_L001_R2_001.fastq.gz	2027116.193	2006241.815
22N13649	1	Plate2	HCNWNDSX7	ILLUMINA	1	22N13649	22N13649-22N13649-Plate2	data/fastqs/LCWG_Novoseq_LOSH_Plate2/22N13649_S20_L001_R1_001.fastq.gz	data/fastqs/LCWG_Novoseq_LOSH_Plate2/22N13649_S20_L001_R2_001.fastq.gz	1870238.118	1819464.877
22N13653	1	Plate2	HCNWNDSX7	ILLUMINA	1	22N13653	22N13653-22N13653-Plate2	data/fastqs/LCWG_Novoseq_LOSH_Plate2/22N13653_S21_L001_R1_001.fastq.gz	data/fastqs/LCWG_Novoseq_LOSH_Plate2/22N13653_S21_L001_R2_001.fastq.gz	2272818.487	2395341.288
22N13659	1	Plate2	HCNWNDSX7	ILLUMINA	1	22N13659	22N13659-22N13659-Plate2	data/fastqs/LCWG_Novoseq_LOSH_Plate2/22N13659_S22_L001_R1_001.fastq.gz	data/fastqs/LCWG_Novoseq_LOSH_Plate2/22N13659_S22_L001_R2_001.fastq.gz	2339466.196	2421451.052
22N13668	1	Plate2	HCNWNDSX7	ILLUMINA	1	22N13668	22N13668-22N13668-Plate2	data/fastqs/LCWG_Novoseq_LOSH_Plate2/22N13668_S23_L001_R1_001.fastq.gz	data/fastqs/LCWG_Novoseq_LOSH_Plate2/22N13668_S23_L001_R2_001.fastq.gz	2346977.033	2456893.286
22N13670	1	Plate2	HCNWNDSX7	ILLUMINA	1	22N13670	22N13670-22N13670-Plate2	data/fastqs/LCWG_Novoseq_LOSH_Plate2/22N13670_S24_L001_R1_001.fastq.gz	data/fastqs/LCWG_Novoseq_LOSH_Plate2/22N13670_S24_L001_R2_001.fastq.gz	3394392.745	3551611.114
22N13671	1	Plate2	HCNWNDSX7	ILLUMINA	1	22N13671	22N13671-22N13671-Plate2	data/fastqs/LCWG_Novoseq_LOSH_Plate2/22N13671_S25_L001_R1_001.fastq.gz	data/fastqs/LCWG_Novoseq_LOSH_Plate2/22N13671_S25_L001_R2_001.fastq.gz	2629896.417	2848404.453
22N13672	1	Plate2	HCNWNDSX7	ILLUMINA	1	22N13672	22N13672-22N13672-Plate2	data/fastqs/LCWG_Novoseq_LOSH_Plate2/22N13672_S26_L001_R1_001.fastq.gz	data/fastqs/LCWG_Novoseq_LOSH_Plate2/22N13672_S26_L001_R2_001.fastq.gz	3137433.776	3291539.175
22N13674	1	Plate2	HCNWNDSX7	ILLUMINA	1	22N13674	22N13674-22N13674-Plate2	data/fastqs/LCWG_Novoseq_LOSH_Plate2/22N13674_S27_L001_R1_001.fastq.gz	data/fastqs/LCWG_Novoseq_LOSH_Plate2/22N13674_S27_L001_R2_001.fastq.gz	3364184.004	3610568.965
22N13675	1	Plate2	HCNWNDSX7	ILLUMINA	1	22N13675	22N13675-22N13675-Plate2	data/fastqs/LCWG_Novoseq_LOSH_Plate2/22N13675_S28_L001_R1_001.fastq.gz	data/fastqs/LCWG_Novoseq_LOSH_Plate2/22N13675_S28_L001_R2_001.fastq.gz	2300390.259	2442803.762
22N13676	1	Plate2	HCNWNDSX7	ILLUMINA	1	22N13676	22N13676-22N13676-Plate2	data/fastqs/LCWG_Novoseq_LOSH_Plate2/22N13676_S29_L001_R1_001.fastq.gz	data/fastqs/LCWG_Novoseq_LOSH_Plate2/22N13676_S29_L001_R2_001.fastq.gz	2799018.438	2842852.539
22N13677	1	Plate2	HCNWNDSX7	ILLUMINA	1	22N13677	22N13677-22N13677-Plate2	data/fastqs/LCWG_Novoseq_LOSH_Plate2/22N13677_S30_L001_R1_001.fastq.gz	data/fastqs/LCWG_Novoseq_LOSH_Plate2/22N13677_S30_L001_R2_001.fastq.gz	2660417.889	2790689.891
22N13681	1	Plate2	HCNWNDSX7	ILLUMINA	1	22N13681	22N13681-22N13681-Plate2	data/fastqs/LCWG_Novoseq_LOSH_Plate2/22N13681_S31_L001_R1_001.fastq.gz	data/fastqs/LCWG_Novoseq_LOSH_Plate2/22N13681_S31_L001_R2_001.fastq.gz	2501896.43	2650176.575
22N13683	1	Plate2	HCNWNDSX7	ILLUMINA	1	22N13683	22N13683-22N13683-Plate2	data/fastqs/LCWG_Novoseq_LOSH_Plate2/22N13683_S32_L001_R1_001.fastq.gz	data/fastqs/LCWG_Novoseq_LOSH_Plate2/22N13683_S32_L001_R2_001.fastq.gz	2179002.892	2270769.35
22N13696	1	Plate2	HCNWNDSX7	ILLUMINA	1	22N13696	22N13696-22N13696-Plate2	data/fastqs/LCWG_Novoseq_LOSH_Plate2/22N13696_S33_L001_R1_001.fastq.gz	data/fastqs/LCWG_Novoseq_LOSH_Plate2/22N13696_S33_L001_R2_001.fastq.gz	2550568.276	2636540.916
22N13698	1	Plate2	HCNWNDSX7	ILLUMINA	1	22N13698	22N13698-22N13698-Plate2	data/fastqs/LCWG_Novoseq_LOSH_Plate2/22N13698_S34_L001_R1_001.fastq.gz	data/fastqs/LCWG_Novoseq_LOSH_Plate2/22N13698_S34_L001_R2_001.fastq.gz	1989335.195	1999527.703
22N13699	1	Plate2	HCNWNDSX7	ILLUMINA	1	22N13699	22N13699-22N13699-Plate2	data/fastqs/LCWG_Novoseq_LOSH_Plate2/22N13699_S35_L001_R1_001.fastq.gz	data/fastqs/LCWG_Novoseq_LOSH_Plate2/22N13699_S35_L001_R2_001.fastq.gz	2382289.099	2472444.858
22N13717	1	Plate2	HCNWNDSX7	ILLUMINA	1	22N13717	22N13717-22N13717-Plate2	data/fastqs/LCWG_Novoseq_LOSH_Plate2/22N13717_S36_L001_R1_001.fastq.gz	data/fastqs/LCWG_Novoseq_LOSH_Plate2/22N13717_S36_L001_R2_001.fastq.gz	1876747.197	1953922.223
22N13719	1	Plate2	HCNWNDSX7	ILLUMINA	1	22N13719	22N13719-22N13719-Plate2	data/fastqs/LCWG_Novoseq_LOSH_Plate2/22N13719_S37_L001_R1_001.fastq.gz	data/fastqs/LCWG_Novoseq_LOSH_Plate2/22N13719_S37_L001_R2_001.fastq.gz	2096413.444	2176640.369
22N13723	1	Plate2	HCNWNDSX7	ILLUMINA	1	22N13723	22N13723-22N13723-Plate2	data/fastqs/LCWG_Novoseq_LOSH_Plate2/22N13723_S38_L001_R1_001.fastq.gz	data/fastqs/LCWG_Novoseq_LOSH_Plate2/22N13723_S38_L001_R2_001.fastq.gz	2194619.69	2048485.171
22N13730	1	Plate2	HCNWNDSX7	ILLUMINA	1	22N13730	22N13730-22N13730-Plate2	data/fastqs/LCWG_Novoseq_LOSH_Plate2/22N13730_S39_L001_R1_001.fastq.gz	data/fastqs/LCWG_Novoseq_LOSH_Plate2/22N13730_S39_L001_R2_001.fastq.gz	1463703.353	1530681.008
22N13732	1	Plate2	HCNWNDSX7	ILLUMINA	1	22N13732	22N13732-22N13732-Plate2	data/fastqs/LCWG_Novoseq_LOSH_Plate2/22N13732_S40_L001_R1_001.fastq.gz	data/fastqs/LCWG_Novoseq_LOSH_Plate2/22N13732_S40_L001_R2_001.fastq.gz	2478305.103	2634644.677
22N13735	1	Plate2	HCNWNDSX7	ILLUMINA	1	22N13735	22N13735-22N13735-Plate2	data/fastqs/LCWG_Novoseq_LOSH_Plate2/22N13735_S41_L001_R1_001.fastq.gz	data/fastqs/LCWG_Novoseq_LOSH_Plate2/22N13735_S41_L001_R2_001.fastq.gz	2001262.948	2120720.267
22N13737	1	Plate2	HCNWNDSX7	ILLUMINA	1	22N13737	22N13737-22N13737-Plate2	data/fastqs/LCWG_Novoseq_LOSH_Plate2/22N13737_S42_L001_R1_001.fastq.gz	data/fastqs/LCWG_Novoseq_LOSH_Plate2/22N13737_S42_L001_R2_001.fastq.gz	2086272.05	2206836.374
22N13745	1	Plate2	HCNWNDSX7	ILLUMINA	1	22N13745	22N13745-22N13745-Plate2	data/fastqs/LCWG_Novoseq_LOSH_Plate2/22N13745_S43_L001_R1_001.fastq.gz	data/fastqs/LCWG_Novoseq_LOSH_Plate2/22N13745_S43_L001_R2_001.fastq.gz	1672263.498	1745902.372
22N13747	1	Plate2	HCNWNDSX7	ILLUMINA	1	22N13747	22N13747-22N13747-Plate2	data/fastqs/LCWG_Novoseq_LOSH_Plate2/22N13747_S44_L001_R1_001.fastq.gz	data/fastqs/LCWG_Novoseq_LOSH_Plate2/22N13747_S44_L001_R2_001.fastq.gz	2058105.402	2160319.442
22N13748	1	Plate2	HCNWNDSX7	ILLUMINA	1	22N13748	22N13748-22N13748-Plate2	data/fastqs/LCWG_Novoseq_LOSH_Plate2/22N13748_S45_L001_R1_001.fastq.gz	data/fastqs/LCWG_Novoseq_LOSH_Plate2/22N13748_S45_L001_R2_001.fastq.gz	2061381.925	2162217.931
22N13750	1	Plate2	HCNWNDSX7	ILLUMINA	1	22N13750	22N13750-22N13750-Plate2	data/fastqs/LCWG_Novoseq_LOSH_Plate2/22N13750_S46_L001_R1_001.fastq.gz	data/fastqs/LCWG_Novoseq_LOSH_Plate2/22N13750_S46_L001_R2_001.fastq.gz	2564579.101	2669499.319
22N13752	1	Plate2	HCNWNDSX7	ILLUMINA	1	22N13752	22N13752-22N13752-Plate2	data/fastqs/LCWG_Novoseq_LOSH_Plate2/22N13752_S47_L001_R1_001.fastq.gz	data/fastqs/LCWG_Novoseq_LOSH_Plate2/22N13752_S47_L001_R2_001.fastq.gz	2381718.953	2502909.122
22N13755	1	Plate2	HCNWNDSX7	ILLUMINA	1	22N13755	22N13755-22N13755-Plate2	data/fastqs/LCWG_Novoseq_LOSH_Plate2/22N13755_S48_L001_R1_001.fastq.gz	data/fastqs/LCWG_Novoseq_LOSH_Plate2/22N13755_S48_L001_R2_001.fastq.gz	1990661.414	2061946.885
22N13756	1	Plate2	HCNWNDSX7	ILLUMINA	1	22N13756	22N13756-22N13756-Plate2	data/fastqs/LCWG_Novoseq_LOSH_Plate2/22N13756_S49_L001_R1_001.fastq.gz	data/fastqs/LCWG_Novoseq_LOSH_Plate2/22N13756_S49_L001_R2_001.fastq.gz	2074236.507	2148678.581
22N13757	1	Plate2	HCNWNDSX7	ILLUMINA	1	22N13757	22N13757-22N13757-Plate2	data/fastqs/LCWG_Novoseq_LOSH_Plate2/22N13757_S50_L001_R1_001.fastq.gz	data/fastqs/LCWG_Novoseq_LOSH_Plate2/22N13757_S50_L001_R2_001.fastq.gz	2060499.12	2161537.087
22N13759	1	Plate2	HCNWNDSX7	ILLUMINA	1	22N13759	22N13759-22N13759-Plate2	data/fastqs/LCWG_Novoseq_LOSH_Plate2/22N13759_S51_L001_R1_001.fastq.gz	data/fastqs/LCWG_Novoseq_LOSH_Plate2/22N13759_S51_L001_R2_001.fastq.gz	1695014.877	1760651.51
22N13763	1	Plate2	HCNWNDSX7	ILLUMINA	1	22N13763	22N13763-22N13763-Plate2	data/fastqs/LCWG_Novoseq_LOSH_Plate2/22N13763_S52_L001_R1_001.fastq.gz	data/fastqs/LCWG_Novoseq_LOSH_Plate2/22N13763_S52_L001_R2_001.fastq.gz	2364369.776	2451710.467
22N13764	1	Plate2	HCNWNDSX7	ILLUMINA	1	22N13764	22N13764-22N13764-Plate2	data/fastqs/LCWG_Novoseq_LOSH_Plate2/22N13764_S53_L001_R1_001.fastq.gz	data/fastqs/LCWG_Novoseq_LOSH_Plate2/22N13764_S53_L001_R2_001.fastq.gz	2727113.416	2874352.205
22N13765	1	Plate2	HCNWNDSX7	ILLUMINA	1	22N13765	22N13765-22N13765-Plate2	data/fastqs/LCWG_Novoseq_LOSH_Plate2/22N13765_S54_L001_R1_001.fastq.gz	data/fastqs/LCWG_Novoseq_LOSH_Plate2/22N13765_S54_L001_R2_001.fastq.gz	2124775.764	2242860.574
22N13768	1	Plate2	HCNWNDSX7	ILLUMINA	1	22N13768	22N13768-22N13768-Plate2	data/fastqs/LCWG_Novoseq_LOSH_Plate2/22N13768_S55_L001_R1_001.fastq.gz	data/fastqs/LCWG_Novoseq_LOSH_Plate2/22N13768_S55_L001_R2_001.fastq.gz	2034605.349	2110465.029
22N13770	1	Plate2	HCNWNDSX7	ILLUMINA	1	22N13770	22N13770-22N13770-Plate2	data/fastqs/LCWG_Novoseq_LOSH_Plate2/22N13770_S56_L001_R1_001.fastq.gz	data/fastqs/LCWG_Novoseq_LOSH_Plate2/22N13770_S56_L001_R2_001.fastq.gz	2328361.475	2458209.31
22N13771	1	Plate2	HCNWNDSX7	ILLUMINA	1	22N13771	22N13771-22N13771-Plate2	data/fastqs/LCWG_Novoseq_LOSH_Plate2/22N13771_S57_L001_R1_001.fastq.gz	data/fastqs/LCWG_Novoseq_LOSH_Plate2/22N13771_S57_L001_R2_001.fastq.gz	2877184.332	3064272.974
22N13772	1	Plate2	HCNWNDSX7	ILLUMINA	1	22N13772	22N13772-22N13772-Plate2	data/fastqs/LCWG_Novoseq_LOSH_Plate2/22N13772_S58_L001_R1_001.fastq.gz	data/fastqs/LCWG_Novoseq_LOSH_Plate2/22N13772_S58_L001_R2_001.fastq.gz	2101152.669	2172423.368
22N13776	1	Plate2	HCNWNDSX7	ILLUMINA	1	22N13776	22N13776-22N13776-Plate2	data/fastqs/LCWG_Novoseq_LOSH_Plate2/22N13776_S59_L001_R1_001.fastq.gz	data/fastqs/LCWG_Novoseq_LOSH_Plate2/22N13776_S59_L001_R2_001.fastq.gz	2947893.556	3117436.48
22N13777	1	Plate2	HCNWNDSX7	ILLUMINA	1	22N13777	22N13777-22N13777-Plate2	data/fastqs/LCWG_Novoseq_LOSH_Plate2/22N13777_S60_L001_R1_001.fastq.gz	data/fastqs/LCWG_Novoseq_LOSH_Plate2/22N13777_S60_L001_R2_001.fastq.gz	2858570.364	3013586.964
22N13780	1	Plate2	HCNWNDSX7	ILLUMINA	1	22N13780	22N13780-22N13780-Plate2	data/fastqs/LCWG_Novoseq_LOSH_Plate2/22N13780_S61_L001_R1_001.fastq.gz	data/fastqs/LCWG_Novoseq_LOSH_Plate2/22N13780_S61_L001_R2_001.fastq.gz	2489292.489	2587302.286
22N13786	1	Plate2	HCNWNDSX7	ILLUMINA	1	22N13786	22N13786-22N13786-Plate2	data/fastqs/LCWG_Novoseq_LOSH_Plate2/22N13786_S62_L001_R1_001.fastq.gz	data/fastqs/LCWG_Novoseq_LOSH_Plate2/22N13786_S62_L001_R2_001.fastq.gz	2537169.831	2632545.476
22N13788	1	Plate2	HCNWNDSX7	ILLUMINA	1	22N13788	22N13788-22N13788-Plate2	data/fastqs/LCWG_Novoseq_LOSH_Plate2/22N13788_S63_L001_R1_001.fastq.gz	data/fastqs/LCWG_Novoseq_LOSH_Plate2/22N13788_S63_L001_R2_001.fastq.gz	1866440.979	1916636.59
22N13790	1	Plate2	HCNWNDSX7	ILLUMINA	1	22N13790	22N13790-22N13790-Plate2	data/fastqs/LCWG_Novoseq_LOSH_Plate2/22N13790_S64_L001_R1_001.fastq.gz	data/fastqs/LCWG_Novoseq_LOSH_Plate2/22N13790_S64_L001_R2_001.fastq.gz	3095696.08	3177806.152
22N13798	1	Plate2	HCNWNDSX7	ILLUMINA	1	22N13798	22N13798-22N13798-Plate2	data/fastqs/LCWG_Novoseq_LOSH_Plate2/22N13798_S65_L001_R1_001.fastq.gz	data/fastqs/LCWG_Novoseq_LOSH_Plate2/22N13798_S65_L001_R2_001.fastq.gz	2272707.07	2262753.775
22N13800	1	Plate2	HCNWNDSX7	ILLUMINA	1	22N13800	22N13800-22N13800-Plate2	data/fastqs/LCWG_Novoseq_LOSH_Plate2/22N13800_S66_L001_R1_001.fastq.gz	data/fastqs/LCWG_Novoseq_LOSH_Plate2/22N13800_S66_L001_R2_001.fastq.gz	1709341.756	1733052.027
22N13811	1	Plate2	HCNWNDSX7	ILLUMINA	1	22N13811	22N13811-22N13811-Plate2	data/fastqs/LCWG_Novoseq_LOSH_Plate2/22N13811_S67_L001_R1_001.fastq.gz	data/fastqs/LCWG_Novoseq_LOSH_Plate2/22N13811_S67_L001_R2_001.fastq.gz	1395208.252	1465553.276
22N13812	1	Plate2	HCNWNDSX7	ILLUMINA	1	22N13812	22N13812-22N13812-Plate2	data/fastqs/LCWG_Novoseq_LOSH_Plate2/22N13812_S68_L001_R1_001.fastq.gz	data/fastqs/LCWG_Novoseq_LOSH_Plate2/22N13812_S68_L001_R2_001.fastq.gz	2497327.65	2630228.451
22N13813	1	Plate2	HCNWNDSX7	ILLUMINA	1	22N13813	22N13813-22N13813-Plate2	data/fastqs/LCWG_Novoseq_LOSH_Plate2/22N13813_S69_L001_R1_001.fastq.gz	data/fastqs/LCWG_Novoseq_LOSH_Plate2/22N13813_S69_L001_R2_001.fastq.gz	1167996.746	1235606.045
22N13814	1	Plate2	HCNWNDSX7	ILLUMINA	1	22N13814	22N13814-22N13814-Plate2	data/fastqs/LCWG_Novoseq_LOSH_Plate2/22N13814_S70_L001_R1_001.fastq.gz	data/fastqs/LCWG_Novoseq_LOSH_Plate2/22N13814_S70_L001_R2_001.fastq.gz	2161935.934	2260517.034
22N13815	1	Plate2	HCNWNDSX7	ILLUMINA	1	22N13815	22N13815-22N13815-Plate2	data/fastqs/LCWG_Novoseq_LOSH_Plate2/22N13815_S71_L001_R1_001.fastq.gz	data/fastqs/LCWG_Novoseq_LOSH_Plate2/22N13815_S71_L001_R2_001.fastq.gz	2118315.574	2233174.304
22N13816	1	Plate2	HCNWNDSX7	ILLUMINA	1	22N13816	22N13816-22N13816-Plate2	data/fastqs/LCWG_Novoseq_LOSH_Plate2/22N13816_S72_L001_R1_001.fastq.gz	data/fastqs/LCWG_Novoseq_LOSH_Plate2/22N13816_S72_L001_R2_001.fastq.gz	2474330.098	2585565.765
22N13817	1	Plate2	HCNWNDSX7	ILLUMINA	1	22N13817	22N13817-22N13817-Plate2	data/fastqs/LCWG_Novoseq_LOSH_Plate2/22N13817_S73_L001_R1_001.fastq.gz	data/fastqs/LCWG_Novoseq_LOSH_Plate2/22N13817_S73_L001_R2_001.fastq.gz	1936270.61	2014486.427
22N13818	1	Plate2	HCNWNDSX7	ILLUMINA	1	22N13818	22N13818-22N13818-Plate2	data/fastqs/LCWG_Novoseq_LOSH_Plate2/22N13818_S74_L001_R1_001.fastq.gz	data/fastqs/LCWG_Novoseq_LOSH_Plate2/22N13818_S74_L001_R2_001.fastq.gz	2841355.051	3025846.832
22N13819	1	Plate2	HCNWNDSX7	ILLUMINA	1	22N13819	22N13819-22N13819-Plate2	data/fastqs/LCWG_Novoseq_LOSH_Plate2/22N13819_S75_L001_R1_001.fastq.gz	data/fastqs/LCWG_Novoseq_LOSH_Plate2/22N13819_S75_L001_R2_001.fastq.gz	3130553.79	3345220.007
22N13820	1	Plate2	HCNWNDSX7	ILLUMINA	1	22N13820	22N13820-22N13820-Plate2	data/fastqs/LCWG_Novoseq_LOSH_Plate2/22N13820_S76_L001_R1_001.fastq.gz	data/fastqs/LCWG_Novoseq_LOSH_Plate2/22N13820_S76_L001_R2_001.fastq.gz	1779004.202	1869318.272
22N13821	1	Plate2	HCNWNDSX7	ILLUMINA	1	22N13821	22N13821-22N13821-Plate2	data/fastqs/LCWG_Novoseq_LOSH_Plate2/22N13821_S77_L001_R1_001.fastq.gz	data/fastqs/LCWG_Novoseq_LOSH_Plate2/22N13821_S77_L001_R2_001.fastq.gz	2550420.589	2702759.461
22N13822	1	Plate2	HCNWNDSX7	ILLUMINA	1	22N13822	22N13822-22N13822-Plate2	data/fastqs/LCWG_Novoseq_LOSH_Plate2/22N13822_S78_L001_R1_001.fastq.gz	data/fastqs/LCWG_Novoseq_LOSH_Plate2/22N13822_S78_L001_R2_001.fastq.gz	1900206.766	1987731.934
22N13823	1	Plate2	HCNWNDSX7	ILLUMINA	1	22N13823	22N13823-22N13823-Plate2	data/fastqs/LCWG_Novoseq_LOSH_Plate2/22N13823_S79_L001_R1_001.fastq.gz	data/fastqs/LCWG_Novoseq_LOSH_Plate2/22N13823_S79_L001_R2_001.fastq.gz	2119427.022	2121594.559
22N13824	1	Plate2	HCNWNDSX7	ILLUMINA	1	22N13824	22N13824-22N13824-Plate2	data/fastqs/LCWG_Novoseq_LOSH_Plate2/22N13824_S80_L001_R1_001.fastq.gz	data/fastqs/LCWG_Novoseq_LOSH_Plate2/22N13824_S80_L001_R2_001.fastq.gz	2411776.078	2524661.273
22N13825	1	Plate2	HCNWNDSX7	ILLUMINA	1	22N13825	22N13825-22N13825-Plate2	data/fastqs/LCWG_Novoseq_LOSH_Plate2/22N13825_S81_L001_R1_001.fastq.gz	data/fastqs/LCWG_Novoseq_LOSH_Plate2/22N13825_S81_L001_R2_001.fastq.gz	1929129.419	2022155.221
22N13829	1	Plate2	HCNWNDSX7	ILLUMINA	1	22N13829	22N13829-22N13829-Plate2	data/fastqs/LCWG_Novoseq_LOSH_Plate2/22N13829_S82_L001_R1_001.fastq.gz	data/fastqs/LCWG_Novoseq_LOSH_Plate2/22N13829_S82_L001_R2_001.fastq.gz	2050914.357	2145145.73
22N13837	1	Plate2	HCNWNDSX7	ILLUMINA	1	22N13837	22N13837-22N13837-Plate2	data/fastqs/LCWG_Novoseq_LOSH_Plate2/22N13837_S84_L001_R1_001.fastq.gz	data/fastqs/LCWG_Novoseq_LOSH_Plate2/22N13837_S84_L001_R2_001.fastq.gz	2940455.961	3148042.014
22N13838	1	Plate2	HCNWNDSX7	ILLUMINA	1	22N13838	22N13838-22N13838-Plate2	data/fastqs/LCWG_Novoseq_LOSH_Plate2/22N13838_S85_L001_R1_001.fastq.gz	data/fastqs/LCWG_Novoseq_LOSH_Plate2/22N13838_S85_L001_R2_001.fastq.gz	3148901.893	3215084.096
22N13839	1	Plate2	HCNWNDSX7	ILLUMINA	1	22N13839	22N13839-22N13839-Plate2	data/fastqs/LCWG_Novoseq_LOSH_Plate2/22N13839_S86_L001_R1_001.fastq.gz	data/fastqs/LCWG_Novoseq_LOSH_Plate2/22N13839_S86_L001_R2_001.fastq.gz	2561190.943	2677765.675
22N13840	1	Plate2	HCNWNDSX7	ILLUMINA	1	22N13840	22N13840-22N13840-Plate2	data/fastqs/LCWG_Novoseq_LOSH_Plate2/22N13840_S87_L001_R1_001.fastq.gz	data/fastqs/LCWG_Novoseq_LOSH_Plate2/22N13840_S87_L001_R2_001.fastq.gz	2917409.903	3027501.668
22N13843	1	Plate2	HCNWNDSX7	ILLUMINA	1	22N13843	22N13843-22N13843-Plate2	data/fastqs/LCWG_Novoseq_LOSH_Plate2/22N13843_S88_L001_R1_001.fastq.gz	data/fastqs/LCWG_Novoseq_LOSH_Plate2/22N13843_S88_L001_R2_001.fastq.gz	2705744.837	2839489.049
22N13844	1	Plate2	HCNWNDSX7	ILLUMINA	1	22N13844	22N13844-22N13844-Plate2	data/fastqs/LCWG_Novoseq_LOSH_Plate2/22N13844_S89_L001_R1_001.fastq.gz	data/fastqs/LCWG_Novoseq_LOSH_Plate2/22N13844_S89_L001_R2_001.fastq.gz	3293180.835	3495943.242
22N13845	1	Plate2	HCNWNDSX7	ILLUMINA	1	22N13845	22N13845-22N13845-Plate2	data/fastqs/LCWG_Novoseq_LOSH_Plate2/22N13845_S90_L001_R1_001.fastq.gz	data/fastqs/LCWG_Novoseq_LOSH_Plate2/22N13845_S90_L001_R2_001.fastq.gz	2700111.082	2892479.459
22N13846	1	Plate2	HCNWNDSX7	ILLUMINA	1	22N13846	22N13846-22N13846-Plate2	data/fastqs/LCWG_Novoseq_LOSH_Plate2/22N13846_S91_L001_R1_001.fastq.gz	data/fastqs/LCWG_Novoseq_LOSH_Plate2/22N13846_S91_L001_R2_001.fastq.gz	3353447.764	3536327.429
22N13847	1	Plate2	HCNWNDSX7	ILLUMINA	1	22N13847	22N13847-22N13847-Plate2	data/fastqs/LCWG_Novoseq_LOSH_Plate2/22N13847_S92_L001_R1_001.fastq.gz	data/fastqs/LCWG_Novoseq_LOSH_Plate2/22N13847_S92_L001_R2_001.fastq.gz	2956232.872	3075827.428
22N13848	1	Plate2	HCNWNDSX7	ILLUMINA	1	22N13848	22N13848-22N13848-Plate2	data/fastqs/LCWG_Novoseq_LOSH_Plate2/22N13848_S93_L001_R1_001.fastq.gz	data/fastqs/LCWG_Novoseq_LOSH_Plate2/22N13848_S93_L001_R2_001.fastq.gz	2307887.449	2350347.15
22N13849	1	Plate2	HCNWNDSX7	ILLUMINA	1	22N13849	22N13849-22N13849-Plate2	data/fastqs/LCWG_Novoseq_LOSH_Plate2/22N13849_S94_L001_R1_001.fastq.gz	data/fastqs/LCWG_Novoseq_LOSH_Plate2/22N13849_S94_L001_R2_001.fastq.gz	3448444.166	3531966.166
22N13850	1	Plate2	HCNWNDSX7	ILLUMINA	1	22N13850	22N13850-22N13850-Plate2	data/fastqs/LCWG_Novoseq_LOSH_Plate2/22N13850_S95_L001_R1_001.fastq.gz	data/fastqs/LCWG_Novoseq_LOSH_Plate2/22N13850_S95_L001_R2_001.fastq.gz	2677669.978	2677104.407
22N13851	1	Plate2	HCNWNDSX7	ILLUMINA	1	22N13851	22N13851-22N13851-Plate2	data/fastqs/LCWG_Novoseq_LOSH_Plate2/22N13851_S96_L001_R1_001.fastq.gz	data/fastqs/LCWG_Novoseq_LOSH_Plate2/22N13851_S96_L001_R2_001.fastq.gz	3043885.269	3031730.762
22N13852	1	Plate2	HCNWNDSX7	ILLUMINA	1	22N13852	22N13852-22N13852-Plate2	data/fastqs/LCWG_Novoseq_LOSH_Plate2/22N13852_S97_L001_R1_001.fastq.gz	data/fastqs/LCWG_Novoseq_LOSH_Plate2/22N13852_S97_L001_R2_001.fastq.gz	2826850.295	2877077.126
22N13853	1	Plate2	HCNWNDSX7	ILLUMINA	1	22N13853	22N13853-22N13853-Plate2	data/fastqs/LCWG_Novoseq_LOSH_Plate2/22N13853_S98_L001_R1_001.fastq.gz	data/fastqs/LCWG_Novoseq_LOSH_Plate2/22N13853_S98_L001_R2_001.fastq.gz	2287074.712	2320351.77
22N13854	1	Plate2	HCNWNDSX7	ILLUMINA	1	22N13854	22N13854-22N13854-Plate2	data/fastqs/LCWG_Novoseq_LOSH_Plate2/22N13854_S99_L001_R1_001.fastq.gz	data/fastqs/LCWG_Novoseq_LOSH_Plate2/22N13854_S99_L001_R2_001.fastq.gz	2201547.228	2251211.724
22N13856	1	Plate2	HCNWNDSX7	ILLUMINA	1	22N13856	22N13856-22N13856-Plate2	data/fastqs/LCWG_Novoseq_LOSH_Plate2/22N13856_S100_L001_R1_001.fastq.gz	data/fastqs/LCWG_Novoseq_LOSH_Plate2/22N13856_S100_L001_R2_001.fastq.gz	2722568.918	2789487.204
22N13857	1	Plate2	HCNWNDSX7	ILLUMINA	1	22N13857	22N13857-22N13857-Plate2	data/fastqs/LCWG_Novoseq_LOSH_Plate2/22N13857_S101_L001_R1_001.fastq.gz	data/fastqs/LCWG_Novoseq_LOSH_Plate2/22N13857_S101_L001_R2_001.fastq.gz	2792269.371	2896934.233
23N02915	1	Plate4	H7FMMDSXC	ILLUMINA	4	23N02915	23N02915-23N02915-Plate4	data/fastqs/LCWG_Novoseq_LOSH_Plate4_Indiana/23N02915_S186_L004_R1_001.fastq.gz	data/fastqs/LCWG_Novoseq_LOSH_Plate4_Indiana/23N02915_S186_L004_R2_001.fastq.gz	4992689.976	5010526.262
23N02916	1	Plate4	H7FMMDSXC	ILLUMINA	4	23N02916	23N02916-23N02916-Plate4	data/fastqs/LCWG_Novoseq_LOSH_Plate4_Indiana/23N02916_S187_L004_R1_001.fastq.gz	data/fastqs/LCWG_Novoseq_LOSH_Plate4_Indiana/23N02916_S187_L004_R2_001.fastq.gz	5006660.064	5276445.423
23N02920	1	Plate4	H7FMMDSXC	ILLUMINA	4	23N02920	23N02920-23N02920-Plate4	data/fastqs/LCWG_Novoseq_LOSH_Plate4_Indiana/23N02920_S188_L004_R1_001.fastq.gz	data/fastqs/LCWG_Novoseq_LOSH_Plate4_Indiana/23N02920_S188_L004_R2_001.fastq.gz	5325012.044	5521648.552
23N02922	1	Plate4	H7FMMDSXC	ILLUMINA	4	23N02922	23N02922-23N02922-Plate4	data/fastqs/LCWG_Novoseq_LOSH_Plate4_Indiana/23N02922_S189_L004_R1_001.fastq.gz	data/fastqs/LCWG_Novoseq_LOSH_Plate4_Indiana/23N02922_S189_L004_R2_001.fastq.gz	5088503.781	5285115.978
23N02924	1	Plate4	H7FMMDSXC	ILLUMINA	4	23N02924	23N02924-23N02924-Plate4	data/fastqs/LCWG_Novoseq_LOSH_Plate4_Indiana/23N02924_S190_L004_R1_001.fastq.gz	data/fastqs/LCWG_Novoseq_LOSH_Plate4_Indiana/23N02924_S190_L004_R2_001.fastq.gz	5096314.306	5282731.558
22N13583	1	Plate1	HC53KDSX7	ILLUMINA	4	22N13583	22N13583-22N13583-Plate1	data/fastqs/LCWG_Novoseq_LOSH_Plate1/LOSH_001_22N13583_S58_L004_R1_001.fastq.gz	data/fastqs/LCWG_Novoseq_LOSH_Plate1/LOSH_001_22N13583_S58_L004_R2_001.fastq.gz	4434800.606	4611230.414
22N13584	1	Plate1	HC53KDSX7	ILLUMINA	4	22N13584	22N13584-22N13584-Plate1	data/fastqs/LCWG_Novoseq_LOSH_Plate1/LOSH_001_22N13584_S59_L004_R1_001.fastq.gz	data/fastqs/LCWG_Novoseq_LOSH_Plate1/LOSH_001_22N13584_S59_L004_R2_001.fastq.gz	293699.584	3351235.706
22N13596	1	Plate1	HC53KDSX7	ILLUMINA	4	22N13596	22N13596-22N13596-Plate1	data/fastqs/LCWG_Novoseq_LOSH_Plate1/LOSH_001_22N13596_S61_L004_R1_001.fastq.gz	data/fastqs/LCWG_Novoseq_LOSH_Plate1/LOSH_001_22N13596_S61_L004_R2_001.fastq.gz	2241281.824	2408823.359
22N13598	1	Plate1	HC53KDSX7	ILLUMINA	4	22N13598	22N13598-22N13598-Plate1	data/fastqs/LCWG_Novoseq_LOSH_Plate1/LOSH_001_22N13598_S62_L004_R1_001.fastq.gz	data/fastqs/LCWG_Novoseq_LOSH_Plate1/LOSH_001_22N13598_S62_L004_R2_001.fastq.gz	2604338.951	2693249.157
22N13599	1	Plate1	HC53KDSX7	ILLUMINA	4	22N13599	22N13599-22N13599-Plate1	data/fastqs/LCWG_Novoseq_LOSH_Plate1/LOSH_001_22N13599_S63_L004_R1_001.fastq.gz	data/fastqs/LCWG_Novoseq_LOSH_Plate1/LOSH_001_22N13599_S63_L004_R2_001.fastq.gz	2846159.045	2992110.078
22N13601	1	Plate1	HC53KDSX7	ILLUMINA	4	22N13601	22N13601-22N13601-Plate1	data/fastqs/LCWG_Novoseq_LOSH_Plate1/LOSH_001_22N13601_S64_L004_R1_001.fastq.gz	data/fastqs/LCWG_Novoseq_LOSH_Plate1/LOSH_001_22N13601_S64_L004_R2_001.fastq.gz	2263748.344	2308694.171
22N13602	1	Plate1	HC53KDSX7	ILLUMINA	4	22N13602	22N13602-22N13602-Plate1	data/fastqs/LCWG_Novoseq_LOSH_Plate1/LOSH_001_22N13602_S65_L004_R1_001.fastq.gz	data/fastqs/LCWG_Novoseq_LOSH_Plate1/LOSH_001_22N13602_S65_L004_R2_001.fastq.gz	3181478.585	3306718.416
22N13608	1	Plate1	HC53KDSX7	ILLUMINA	4	22N13608	22N13608-22N13608-Plate1	data/fastqs/LCWG_Novoseq_LOSH_Plate1/LOSH_001_22N13608_S66_L004_R1_001.fastq.gz	data/fastqs/LCWG_Novoseq_LOSH_Plate1/LOSH_001_22N13608_S66_L004_R2_001.fastq.gz	2806915.977	3070914.488
22N13614	1	Plate1	HC53KDSX7	ILLUMINA	4	22N13614	22N13614-22N13614-Plate1	data/fastqs/LCWG_Novoseq_LOSH_Plate1/LOSH_001_22N13614_S67_L004_R1_001.fastq.gz	data/fastqs/LCWG_Novoseq_LOSH_Plate1/LOSH_001_22N13614_S67_L004_R2_001.fastq.gz	2279917.225	2427102.335
22N13626	1	Plate1	HC53KDSX7	ILLUMINA	4	22N13626	22N13626-22N13626-Plate1	data/fastqs/LCWG_Novoseq_LOSH_Plate1/LOSH_001_22N13626_S68_L004_R1_001.fastq.gz	data/fastqs/LCWG_Novoseq_LOSH_Plate1/LOSH_001_22N13626_S68_L004_R2_001.fastq.gz	2316983.053	2406936.067
22N13627	1	Plate1	HC53KDSX7	ILLUMINA	4	22N13627	22N13627-22N13627-Plate1	data/fastqs/LCWG_Novoseq_LOSH_Plate1/LOSH_001_22N13627_S69_L004_R1_001.fastq.gz	data/fastqs/LCWG_Novoseq_LOSH_Plate1/LOSH_001_22N13627_S69_L004_R2_001.fastq.gz	2093066.356	2204053.89
22N13628	1	Plate1	HC53KDSX7	ILLUMINA	4	22N13628	22N13628-22N13628-Plate1	data/fastqs/LCWG_Novoseq_LOSH_Plate1/LOSH_001_22N13628_S70_L004_R1_001.fastq.gz	data/fastqs/LCWG_Novoseq_LOSH_Plate1/LOSH_001_22N13628_S70_L004_R2_001.fastq.gz	2402061.932	2525137.075
22N13629	1	Plate1	HC53KDSX7	ILLUMINA	4	22N13629	22N13629-22N13629-Plate1	data/fastqs/LCWG_Novoseq_LOSH_Plate1/LOSH_001_22N13629_S71_L004_R1_001.fastq.gz	data/fastqs/LCWG_Novoseq_LOSH_Plate1/LOSH_001_22N13629_S71_L004_R2_001.fastq.gz	2626862.877	2727589.069
22N13632	1	Plate1	HC53KDSX7	ILLUMINA	4	22N13632	22N13632-22N13632-Plate1	data/fastqs/LCWG_Novoseq_LOSH_Plate1/LOSH_001_22N13632_S72_L004_R1_001.fastq.gz	data/fastqs/LCWG_Novoseq_LOSH_Plate1/LOSH_001_22N13632_S72_L004_R2_001.fastq.gz	2012044.733	2066930.348
22N13640	1	Plate1	HC53KDSX7	ILLUMINA	4	22N13640	22N13640-22N13640-Plate1	data/fastqs/LCWG_Novoseq_LOSH_Plate1/LOSH_001_22N13640_S73_L004_R1_001.fastq.gz	data/fastqs/LCWG_Novoseq_LOSH_Plate1/LOSH_001_22N13640_S73_L004_R2_001.fastq.gz	2079980.365	2163664.271
22N13642	1	Plate1	HC53KDSX7	ILLUMINA	4	22N13642	22N13642-22N13642-Plate1	data/fastqs/LCWG_Novoseq_LOSH_Plate1/LOSH_001_22N13642_S74_L004_R1_001.fastq.gz	data/fastqs/LCWG_Novoseq_LOSH_Plate1/LOSH_001_22N13642_S74_L004_R2_001.fastq.gz	2249322.291	2397243.476
22N13643	1	Plate1	HC53KDSX7	ILLUMINA	4	22N13643	22N13643-22N13643-Plate1	data/fastqs/LCWG_Novoseq_LOSH_Plate1/LOSH_001_22N13643_S75_L004_R1_001.fastq.gz	data/fastqs/LCWG_Novoseq_LOSH_Plate1/LOSH_001_22N13643_S75_L004_R2_001.fastq.gz	2437301.201	2509676.915
22N13646	1	Plate1	HC53KDSX7	ILLUMINA	4	22N13646	22N13646-22N13646-Plate1	data/fastqs/LCWG_Novoseq_LOSH_Plate1/LOSH_001_22N13646_S76_L004_R1_001.fastq.gz	data/fastqs/LCWG_Novoseq_LOSH_Plate1/LOSH_001_22N13646_S76_L004_R2_001.fastq.gz	2226433.727	2365511.448
22N13647	1	Plate1	HC53KDSX7	ILLUMINA	4	22N13647	22N13647-22N13647-Plate1	data/fastqs/LCWG_Novoseq_LOSH_Plate1/LOSH_001_22N13647_S77_L004_R1_001.fastq.gz	data/fastqs/LCWG_Novoseq_LOSH_Plate1/LOSH_001_22N13647_S77_L004_R2_001.fastq.gz	1798062.546	1827089.241
22N13648	1	Plate1	HC53KDSX7	ILLUMINA	4	22N13648	22N13648-22N13648-Plate1	data/fastqs/LCWG_Novoseq_LOSH_Plate1/LOSH_001_22N13648_S78_L004_R1_001.fastq.gz	data/fastqs/LCWG_Novoseq_LOSH_Plate1/LOSH_001_22N13648_S78_L004_R2_001.fastq.gz	2577870.095	2700592.487
22N13650	1	Plate1	HC53KDSX7	ILLUMINA	4	22N13650	22N13650-22N13650-Plate1	data/fastqs/LCWG_Novoseq_LOSH_Plate1/LOSH_001_22N13650_S79_L004_R1_001.fastq.gz	data/fastqs/LCWG_Novoseq_LOSH_Plate1/LOSH_001_22N13650_S79_L004_R2_001.fastq.gz	2268800.015	2305832.282
22N13651	1	Plate1	HC53KDSX7	ILLUMINA	4	22N13651	22N13651-22N13651-Plate1	data/fastqs/LCWG_Novoseq_LOSH_Plate1/LOSH_001_22N13651_S80_L004_R1_001.fastq.gz	data/fastqs/LCWG_Novoseq_LOSH_Plate1/LOSH_001_22N13651_S80_L004_R2_001.fastq.gz	2384445.752	2360628.803
22N13652	1	Plate1	HC53KDSX7	ILLUMINA	4	22N13652	22N13652-22N13652-Plate1	data/fastqs/LCWG_Novoseq_LOSH_Plate1/LOSH_001_22N13652_S81_L004_R1_001.fastq.gz	data/fastqs/LCWG_Novoseq_LOSH_Plate1/LOSH_001_22N13652_S81_L004_R2_001.fastq.gz	892700.802	924781.36
22N13654	1	Plate1	HC53KDSX7	ILLUMINA	4	22N13654	22N13654-22N13654-Plate1	data/fastqs/LCWG_Novoseq_LOSH_Plate1/LOSH_001_22N13654_S82_L004_R1_001.fastq.gz	data/fastqs/LCWG_Novoseq_LOSH_Plate1/LOSH_001_22N13654_S82_L004_R2_001.fastq.gz	1841352.598	1866132.762
22N13655	1	Plate1	HC53KDSX7	ILLUMINA	4	22N13655	22N13655-22N13655-Plate1	data/fastqs/LCWG_Novoseq_LOSH_Plate1/LOSH_001_22N13655_S83_L004_R1_001.fastq.gz	data/fastqs/LCWG_Novoseq_LOSH_Plate1/LOSH_001_22N13655_S83_L004_R2_001.fastq.gz	2309949.51	2340697.523
22N13656	1	Plate1	HC53KDSX7	ILLUMINA	4	22N13656	22N13656-22N13656-Plate1	data/fastqs/LCWG_Novoseq_LOSH_Plate1/LOSH_001_22N13656_S84_L004_R1_001.fastq.gz	data/fastqs/LCWG_Novoseq_LOSH_Plate1/LOSH_001_22N13656_S84_L004_R2_001.fastq.gz	3807362.365	3964155.097
22N13657	1	Plate1	HC53KDSX7	ILLUMINA	4	22N13657	22N13657-22N13657-Plate1	data/fastqs/LCWG_Novoseq_LOSH_Plate1/LOSH_001_22N13657_S85_L004_R1_001.fastq.gz	data/fastqs/LCWG_Novoseq_LOSH_Plate1/LOSH_001_22N13657_S85_L004_R2_001.fastq.gz	1882606.593	1888948.228
22N13660	1	Plate1	HC53KDSX7	ILLUMINA	4	22N13660	22N13660-22N13660-Plate1	data/fastqs/LCWG_Novoseq_LOSH_Plate1/LOSH_001_22N13660_S86_L004_R1_001.fastq.gz	data/fastqs/LCWG_Novoseq_LOSH_Plate1/LOSH_001_22N13660_S86_L004_R2_001.fastq.gz	2597503.184	2562335.421
22N13661	1	Plate1	HC53KDSX7	ILLUMINA	4	22N13661	22N13661-22N13661-Plate1	data/fastqs/LCWG_Novoseq_LOSH_Plate1/LOSH_001_22N13661_S87_L004_R1_001.fastq.gz	data/fastqs/LCWG_Novoseq_LOSH_Plate1/LOSH_001_22N13661_S87_L004_R2_001.fastq.gz	1807245.542	1861812.679
22N13663	1	Plate1	HC53KDSX7	ILLUMINA	4	22N13663	22N13663-22N13663-Plate1	data/fastqs/LCWG_Novoseq_LOSH_Plate1/LOSH_001_22N13663_S88_L004_R1_001.fastq.gz	data/fastqs/LCWG_Novoseq_LOSH_Plate1/LOSH_001_22N13663_S88_L004_R2_001.fastq.gz	2357826.444	2467285.017
22N13664	1	Plate1	HC53KDSX7	ILLUMINA	4	22N13664	22N13664-22N13664-Plate1	data/fastqs/LCWG_Novoseq_LOSH_Plate1/LOSH_001_22N13664_S89_L004_R1_001.fastq.gz	data/fastqs/LCWG_Novoseq_LOSH_Plate1/LOSH_001_22N13664_S89_L004_R2_001.fastq.gz	1802770.562	1841517.777
22N13666	1	Plate1	HC53KDSX7	ILLUMINA	4	22N13666	22N13666-22N13666-Plate1	data/fastqs/LCWG_Novoseq_LOSH_Plate1/LOSH_001_22N13666_S90_L004_R1_001.fastq.gz	data/fastqs/LCWG_Novoseq_LOSH_Plate1/LOSH_001_22N13666_S90_L004_R2_001.fastq.gz	2263196.41	2309352.948
22N13667	1	Plate1	HC53KDSX7	ILLUMINA	4	22N13667	22N13667-22N13667-Plate1	data/fastqs/LCWG_Novoseq_LOSH_Plate1/LOSH_001_22N13667_S91_L004_R1_001.fastq.gz	data/fastqs/LCWG_Novoseq_LOSH_Plate1/LOSH_001_22N13667_S91_L004_R2_001.fastq.gz	2137692.7	2155478.191
22N13669	1	Plate1	HC53KDSX7	ILLUMINA	4	22N13669	22N13669-22N13669-Plate1	data/fastqs/LCWG_Novoseq_LOSH_Plate1/LOSH_001_22N13669_S92_L004_R1_001.fastq.gz	data/fastqs/LCWG_Novoseq_LOSH_Plate1/LOSH_001_22N13669_S92_L004_R2_001.fastq.gz	5369085.783	5702174.362
22N13673	1	Plate1	HC53KDSX7	ILLUMINA	4	22N13673	22N13673-22N13673-Plate1	data/fastqs/LCWG_Novoseq_LOSH_Plate1/LOSH_001_22N13673_S93_L004_R1_001.fastq.gz	data/fastqs/LCWG_Novoseq_LOSH_Plate1/LOSH_001_22N13673_S93_L004_R2_001.fastq.gz	4089634.909	4405343.053
22N13684	1	Plate1	HC53KDSX7	ILLUMINA	4	22N13684	22N13684-22N13684-Plate1	data/fastqs/LCWG_Novoseq_LOSH_Plate1/LOSH_001_22N13684_S94_L004_R1_001.fastq.gz	data/fastqs/LCWG_Novoseq_LOSH_Plate1/LOSH_001_22N13684_S94_L004_R2_001.fastq.gz	1655098.348	1729642.929
22N13685	1	Plate1	HC53KDSX7	ILLUMINA	4	22N13685	22N13685-22N13685-Plate1	data/fastqs/LCWG_Novoseq_LOSH_Plate1/LOSH_001_22N13685_S95_L004_R1_001.fastq.gz	data/fastqs/LCWG_Novoseq_LOSH_Plate1/LOSH_001_22N13685_S95_L004_R2_001.fastq.gz	2015923.85	2111564.715
22N13686	1	Plate1	HC53KDSX7	ILLUMINA	4	22N13686	22N13686-22N13686-Plate1	data/fastqs/LCWG_Novoseq_LOSH_Plate1/LOSH_001_22N13686_S96_L004_R1_001.fastq.gz	data/fastqs/LCWG_Novoseq_LOSH_Plate1/LOSH_001_22N13686_S96_L004_R2_001.fastq.gz	2303198.783	2418795.185
22N13687	1	Plate1	HC53KDSX7	ILLUMINA	4	22N13687	22N13687-22N13687-Plate1	data/fastqs/LCWG_Novoseq_LOSH_Plate1/LOSH_001_22N13687_S97_L004_R1_001.fastq.gz	data/fastqs/LCWG_Novoseq_LOSH_Plate1/LOSH_001_22N13687_S97_L004_R2_001.fastq.gz	2160895.999	2276182.259
22N13688	1	Plate1	HC53KDSX7	ILLUMINA	4	22N13688	22N13688-22N13688-Plate1	data/fastqs/LCWG_Novoseq_LOSH_Plate1/LOSH_001_22N13688_S98_L004_R1_001.fastq.gz	data/fastqs/LCWG_Novoseq_LOSH_Plate1/LOSH_001_22N13688_S98_L004_R2_001.fastq.gz	2049774.936	2129650.033
22N13689	1	Plate1	HC53KDSX7	ILLUMINA	4	22N13689	22N13689-22N13689-Plate1	data/fastqs/LCWG_Novoseq_LOSH_Plate1/LOSH_001_22N13689_S99_L004_R1_001.fastq.gz	data/fastqs/LCWG_Novoseq_LOSH_Plate1/LOSH_001_22N13689_S99_L004_R2_001.fastq.gz	2327484.149	2442266.561
22N13690	1	Plate1	HC53KDSX7	ILLUMINA	4	22N13690	22N13690-22N13690-Plate1	data/fastqs/LCWG_Novoseq_LOSH_Plate1/LOSH_001_22N13690_S100_L004_R1_001.fastq.gz	data/fastqs/LCWG_Novoseq_LOSH_Plate1/LOSH_001_22N13690_S100_L004_R2_001.fastq.gz	2184961.963	2290657.97
22N13691	1	Plate1	HC53KDSX7	ILLUMINA	4	22N13691	22N13691-22N13691-Plate1	data/fastqs/LCWG_Novoseq_LOSH_Plate1/LOSH_001_22N13691_S101_L004_R1_001.fastq.gz	data/fastqs/LCWG_Novoseq_LOSH_Plate1/LOSH_001_22N13691_S101_L004_R2_001.fastq.gz	1950313.633	2045996.906
22N13692	1	Plate1	HC53KDSX7	ILLUMINA	4	22N13692	22N13692-22N13692-Plate1	data/fastqs/LCWG_Novoseq_LOSH_Plate1/LOSH_001_22N13692_S102_L004_R1_001.fastq.gz	data/fastqs/LCWG_Novoseq_LOSH_Plate1/LOSH_001_22N13692_S102_L004_R2_001.fastq.gz	2220244.245	2339467.8
22N13693	1	Plate1	HC53KDSX7	ILLUMINA	4	22N13693	22N13693-22N13693-Plate1	data/fastqs/LCWG_Novoseq_LOSH_Plate1/LOSH_001_22N13693_S103_L004_R1_001.fastq.gz	data/fastqs/LCWG_Novoseq_LOSH_Plate1/LOSH_001_22N13693_S103_L004_R2_001.fastq.gz	1799293.047	1893001.667
22N13697	1	Plate1	HC53KDSX7	ILLUMINA	4	22N13697	22N13697-22N13697-Plate1	data/fastqs/LCWG_Novoseq_LOSH_Plate1/LOSH_001_22N13697_S104_L004_R1_001.fastq.gz	data/fastqs/LCWG_Novoseq_LOSH_Plate1/LOSH_001_22N13697_S104_L004_R2_001.fastq.gz	2634585.759	2811121.006
22N13700	1	Plate1	HC53KDSX7	ILLUMINA	4	22N13700	22N13700-22N13700-Plate1	data/fastqs/LCWG_Novoseq_LOSH_Plate1/LOSH_001_22N13700_S105_L004_R1_001.fastq.gz	data/fastqs/LCWG_Novoseq_LOSH_Plate1/LOSH_001_22N13700_S105_L004_R2_001.fastq.gz	2180110.617	2235111.709
22N13701	1	Plate1	HC53KDSX7	ILLUMINA	4	22N13701	22N13701-22N13701-Plate1	data/fastqs/LCWG_Novoseq_LOSH_Plate1/LOSH_001_22N13701_S106_L004_R1_001.fastq.gz	data/fastqs/LCWG_Novoseq_LOSH_Plate1/LOSH_001_22N13701_S106_L004_R2_001.fastq.gz	1956503.206	1965814.885
22N13702	1	Plate1	HC53KDSX7	ILLUMINA	4	22N13702	22N13702-22N13702-Plate1	data/fastqs/LCWG_Novoseq_LOSH_Plate1/LOSH_001_22N13702_S107_L004_R1_001.fastq.gz	data/fastqs/LCWG_Novoseq_LOSH_Plate1/LOSH_001_22N13702_S107_L004_R2_001.fastq.gz	2109900.349	2086947.519
22N13703	1	Plate1	HC53KDSX7	ILLUMINA	4	22N13703	22N13703-22N13703-Plate1	data/fastqs/LCWG_Novoseq_LOSH_Plate1/LOSH_001_22N13703_S108_L004_R1_001.fastq.gz	data/fastqs/LCWG_Novoseq_LOSH_Plate1/LOSH_001_22N13703_S108_L004_R2_001.fastq.gz	1653246.433	1670109.968
22N13704	1	Plate1	HC53KDSX7	ILLUMINA	4	22N13704	22N13704-22N13704-Plate1	data/fastqs/LCWG_Novoseq_LOSH_Plate1/LOSH_001_22N13704_S109_L004_R1_001.fastq.gz	data/fastqs/LCWG_Novoseq_LOSH_Plate1/LOSH_001_22N13704_S109_L004_R2_001.fastq.gz	1696798.71	1736476.764
22N13706	1	Plate1	HC53KDSX7	ILLUMINA	4	22N13706	22N13706-22N13706-Plate1	data/fastqs/LCWG_Novoseq_LOSH_Plate1/LOSH_001_22N13706_S110_L004_R1_001.fastq.gz	data/fastqs/LCWG_Novoseq_LOSH_Plate1/LOSH_001_22N13706_S110_L004_R2_001.fastq.gz	1604631.264	1619633.428
22N13707	1	Plate1	HC53KDSX7	ILLUMINA	4	22N13707	22N13707-22N13707-Plate1	data/fastqs/LCWG_Novoseq_LOSH_Plate1/LOSH_001_22N13707_S111_L004_R1_001.fastq.gz	data/fastqs/LCWG_Novoseq_LOSH_Plate1/LOSH_001_22N13707_S111_L004_R2_001.fastq.gz	2001917.493	2073537.052
22N13708	1	Plate1	HC53KDSX7	ILLUMINA	4	22N13708	22N13708-22N13708-Plate1	data/fastqs/LCWG_Novoseq_LOSH_Plate1/LOSH_001_22N13708_S112_L004_R1_001.fastq.gz	data/fastqs/LCWG_Novoseq_LOSH_Plate1/LOSH_001_22N13708_S112_L004_R2_001.fastq.gz	1054710.138	1078686.488
22N13710	1	Plate1	HC53KDSX7	ILLUMINA	4	22N13710	22N13710-22N13710-Plate1	data/fastqs/LCWG_Novoseq_LOSH_Plate1/LOSH_001_22N13710_S113_L004_R1_001.fastq.gz	data/fastqs/LCWG_Novoseq_LOSH_Plate1/LOSH_001_22N13710_S113_L004_R2_001.fastq.gz	1521541.934	1584221.134
22N13711	1	Plate1	HC53KDSX7	ILLUMINA	4	22N13711	22N13711-22N13711-Plate1	data/fastqs/LCWG_Novoseq_LOSH_Plate1/LOSH_001_22N13711_S114_L004_R1_001.fastq.gz	data/fastqs/LCWG_Novoseq_LOSH_Plate1/LOSH_001_22N13711_S114_L004_R2_001.fastq.gz	2063663.907	2146856.832
22N13712	1	Plate1	HC53KDSX7	ILLUMINA	4	22N13712	22N13712-22N13712-Plate1	data/fastqs/LCWG_Novoseq_LOSH_Plate1/LOSH_001_22N13712_S115_L004_R1_001.fastq.gz	data/fastqs/LCWG_Novoseq_LOSH_Plate1/LOSH_001_22N13712_S115_L004_R2_001.fastq.gz	2084193.096	2169004.191
22N13713	1	Plate1	HC53KDSX7	ILLUMINA	4	22N13713	22N13713-22N13713-Plate1	data/fastqs/LCWG_Novoseq_LOSH_Plate1/LOSH_001_22N13713_S116_L004_R1_001.fastq.gz	data/fastqs/LCWG_Novoseq_LOSH_Plate1/LOSH_001_22N13713_S116_L004_R2_001.fastq.gz	1683710.683	1708579.553
22N13714	1	Plate1	HC53KDSX7	ILLUMINA	4	22N13714	22N13714-22N13714-Plate1	data/fastqs/LCWG_Novoseq_LOSH_Plate1/LOSH_001_22N13714_S117_L004_R1_001.fastq.gz	data/fastqs/LCWG_Novoseq_LOSH_Plate1/LOSH_001_22N13714_S117_L004_R2_001.fastq.gz	1020395.103	1032255.915
22N13716	1	Plate1	HC53KDSX7	ILLUMINA	4	22N13716	22N13716-22N13716-Plate1	data/fastqs/LCWG_Novoseq_LOSH_Plate1/LOSH_001_22N13716_S118_L004_R1_001.fastq.gz	data/fastqs/LCWG_Novoseq_LOSH_Plate1/LOSH_001_22N13716_S118_L004_R2_001.fastq.gz	1369039.829	1380044.16
22N13720	1	Plate1	HC53KDSX7	ILLUMINA	4	22N13720	22N13720-22N13720-Plate1	data/fastqs/LCWG_Novoseq_LOSH_Plate1/LOSH_001_22N13720_S119_L004_R1_001.fastq.gz	data/fastqs/LCWG_Novoseq_LOSH_Plate1/LOSH_001_22N13720_S119_L004_R2_001.fastq.gz	1707576.326	1773471.856
22N13721	1	Plate1	HC53KDSX7	ILLUMINA	4	22N13721	22N13721-22N13721-Plate1	data/fastqs/LCWG_Novoseq_LOSH_Plate1/LOSH_001_22N13721_S120_L004_R1_001.fastq.gz	data/fastqs/LCWG_Novoseq_LOSH_Plate1/LOSH_001_22N13721_S120_L004_R2_001.fastq.gz	2055072.52	2122565.168
22N13722	1	Plate1	HC53KDSX7	ILLUMINA	4	22N13722	22N13722-22N13722-Plate1	data/fastqs/LCWG_Novoseq_LOSH_Plate1/LOSH_001_22N13722_S121_L004_R1_001.fastq.gz	data/fastqs/LCWG_Novoseq_LOSH_Plate1/LOSH_001_22N13722_S121_L004_R2_001.fastq.gz	1815405.206	1906450.355
22N13725	1	Plate1	HC53KDSX7	ILLUMINA	4	22N13725	22N13725-22N13725-Plate1	data/fastqs/LCWG_Novoseq_LOSH_Plate1/LOSH_001_22N13725_S122_L004_R1_001.fastq.gz	data/fastqs/LCWG_Novoseq_LOSH_Plate1/LOSH_001_22N13725_S122_L004_R2_001.fastq.gz	1783437.463	1737034.314
22N13726	1	Plate1	HC53KDSX7	ILLUMINA	4	22N13726	22N13726-22N13726-Plate1	data/fastqs/LCWG_Novoseq_LOSH_Plate1/LOSH_001_22N13726_S123_L004_R1_001.fastq.gz	data/fastqs/LCWG_Novoseq_LOSH_Plate1/LOSH_001_22N13726_S123_L004_R2_001.fastq.gz	2072226.14	2144866.702
22N13727	1	Plate1	HC53KDSX7	ILLUMINA	4	22N13727	22N13727-22N13727-Plate1	data/fastqs/LCWG_Novoseq_LOSH_Plate1/LOSH_001_22N13727_S124_L004_R1_001.fastq.gz	data/fastqs/LCWG_Novoseq_LOSH_Plate1/LOSH_001_22N13727_S124_L004_R2_001.fastq.gz	1957670.881	2015645.654
22N13728	1	Plate1	HC53KDSX7	ILLUMINA	4	22N13728	22N13728-22N13728-Plate1	data/fastqs/LCWG_Novoseq_LOSH_Plate1/LOSH_001_22N13728_S125_L004_R1_001.fastq.gz	data/fastqs/LCWG_Novoseq_LOSH_Plate1/LOSH_001_22N13728_S125_L004_R2_001.fastq.gz	1465806.79	1516651.44
22N13729	1	Plate1	HC53KDSX7	ILLUMINA	4	22N13729	22N13729-22N13729-Plate1	data/fastqs/LCWG_Novoseq_LOSH_Plate1/LOSH_001_22N13729_S126_L004_R1_001.fastq.gz	data/fastqs/LCWG_Novoseq_LOSH_Plate1/LOSH_001_22N13729_S126_L004_R2_001.fastq.gz	2013111.7	2117819.791
22N13733	1	Plate1	HC53KDSX7	ILLUMINA	4	22N13733	22N13733-22N13733-Plate1	data/fastqs/LCWG_Novoseq_LOSH_Plate1/LOSH_001_22N13733_S127_L004_R1_001.fastq.gz	data/fastqs/LCWG_Novoseq_LOSH_Plate1/LOSH_001_22N13733_S127_L004_R2_001.fastq.gz	1395378.219	1458723.789
22N13734	1	Plate1	HC53KDSX7	ILLUMINA	4	22N13734	22N13734-22N13734-Plate1	data/fastqs/LCWG_Novoseq_LOSH_Plate1/LOSH_001_22N13734_S128_L004_R1_001.fastq.gz	data/fastqs/LCWG_Novoseq_LOSH_Plate1/LOSH_001_22N13734_S128_L004_R2_001.fastq.gz	1478469.746	1546511.247
22N13742	1	Plate1	HC53KDSX7	ILLUMINA	4	22N13742	22N13742-22N13742-Plate1	data/fastqs/LCWG_Novoseq_LOSH_Plate1/LOSH_001_22N13742_S129_L004_R1_001.fastq.gz	data/fastqs/LCWG_Novoseq_LOSH_Plate1/LOSH_001_22N13742_S129_L004_R2_001.fastq.gz	1615766.587	1690444.436
22N13744	1	Plate1	HC53KDSX7	ILLUMINA	4	22N13744	22N13744-22N13744-Plate1	data/fastqs/LCWG_Novoseq_LOSH_Plate1/LOSH_001_22N13744_S130_L004_R1_001.fastq.gz	data/fastqs/LCWG_Novoseq_LOSH_Plate1/LOSH_001_22N13744_S130_L004_R2_001.fastq.gz	1458351.566	1531806.825
22N13749	1	Plate1	HC53KDSX7	ILLUMINA	4	22N13749	22N13749-22N13749-Plate1	data/fastqs/LCWG_Novoseq_LOSH_Plate1/LOSH_001_22N13749_S131_L004_R1_001.fastq.gz	data/fastqs/LCWG_Novoseq_LOSH_Plate1/LOSH_001_22N13749_S131_L004_R2_001.fastq.gz	2089271.41	2171494.663
22N13753	1	Plate1	HC53KDSX7	ILLUMINA	4	22N13753	22N13753-22N13753-Plate1	data/fastqs/LCWG_Novoseq_LOSH_Plate1/LOSH_001_22N13753_S132_L004_R1_001.fastq.gz	data/fastqs/LCWG_Novoseq_LOSH_Plate1/LOSH_001_22N13753_S132_L004_R2_001.fastq.gz	2080931.807	2127127.253
22N13754	1	Plate1	HC53KDSX7	ILLUMINA	4	22N13754	22N13754-22N13754-Plate1	data/fastqs/LCWG_Novoseq_LOSH_Plate1/LOSH_001_22N13754_S133_L004_R1_001.fastq.gz	data/fastqs/LCWG_Novoseq_LOSH_Plate1/LOSH_001_22N13754_S133_L004_R2_001.fastq.gz	1513881.941	1548365.29
22N13758	1	Plate1	HC53KDSX7	ILLUMINA	4	22N13758	22N13758-22N13758-Plate1	data/fastqs/LCWG_Novoseq_LOSH_Plate1/LOSH_001_22N13758_S134_L004_R1_001.fastq.gz	data/fastqs/LCWG_Novoseq_LOSH_Plate1/LOSH_001_22N13758_S134_L004_R2_001.fastq.gz	2084222.551	2197311.187
22N13761	1	Plate1	HC53KDSX7	ILLUMINA	4	22N13761	22N13761-22N13761-Plate1	data/fastqs/LCWG_Novoseq_LOSH_Plate1/LOSH_001_22N13761_S135_L004_R1_001.fastq.gz	data/fastqs/LCWG_Novoseq_LOSH_Plate1/LOSH_001_22N13761_S135_L004_R2_001.fastq.gz	2194111.309	2190591.112
22N13766	1	Plate1	HC53KDSX7	ILLUMINA	4	22N13766	22N13766-22N13766-Plate1	data/fastqs/LCWG_Novoseq_LOSH_Plate1/LOSH_001_22N13766_S136_L004_R1_001.fastq.gz	data/fastqs/LCWG_Novoseq_LOSH_Plate1/LOSH_001_22N13766_S136_L004_R2_001.fastq.gz	2409229.54	2474917.867
22N13767	1	Plate1	HC53KDSX7	ILLUMINA	4	22N13767	22N13767-22N13767-Plate1	data/fastqs/LCWG_Novoseq_LOSH_Plate1/LOSH_001_22N13767_S137_L004_R1_001.fastq.gz	data/fastqs/LCWG_Novoseq_LOSH_Plate1/LOSH_001_22N13767_S137_L004_R2_001.fastq.gz	2499155.67	2619247.234
22N13769	1	Plate1	HC53KDSX7	ILLUMINA	4	22N13769	22N13769-22N13769-Plate1	data/fastqs/LCWG_Novoseq_LOSH_Plate1/LOSH_001_22N13769_S138_L004_R1_001.fastq.gz	data/fastqs/LCWG_Novoseq_LOSH_Plate1/LOSH_001_22N13769_S138_L004_R2_001.fastq.gz	2514967.843	2635442.43
22N13773	1	Plate1	HC53KDSX7	ILLUMINA	4	22N13773	22N13773-22N13773-Plate1	data/fastqs/LCWG_Novoseq_LOSH_Plate1/LOSH_001_22N13773_S139_L004_R1_001.fastq.gz	data/fastqs/LCWG_Novoseq_LOSH_Plate1/LOSH_001_22N13773_S139_L004_R2_001.fastq.gz	3219632.806	3340556.678
22N13774	1	Plate1	HC53KDSX7	ILLUMINA	4	22N13774	22N13774-22N13774-Plate1	data/fastqs/LCWG_Novoseq_LOSH_Plate1/LOSH_001_22N13774_S140_L004_R1_001.fastq.gz	data/fastqs/LCWG_Novoseq_LOSH_Plate1/LOSH_001_22N13774_S140_L004_R2_001.fastq.gz	3172769.203	3378872.179
22N13775	1	Plate1	HC53KDSX7	ILLUMINA	4	22N13775	22N13775-22N13775-Plate1	data/fastqs/LCWG_Novoseq_LOSH_Plate1/LOSH_001_22N13775_S141_L004_R1_001.fastq.gz	data/fastqs/LCWG_Novoseq_LOSH_Plate1/LOSH_001_22N13775_S141_L004_R2_001.fastq.gz	2718704.986	2745384.614
22N13778	1	Plate1	HC53KDSX7	ILLUMINA	4	22N13778	22N13778-22N13778-Plate1	data/fastqs/LCWG_Novoseq_LOSH_Plate1/LOSH_001_22N13778_S142_L004_R1_001.fastq.gz	data/fastqs/LCWG_Novoseq_LOSH_Plate1/LOSH_001_22N13778_S142_L004_R2_001.fastq.gz	2932166.002	2967837.06
22N13787	1	Plate1	HC53KDSX7	ILLUMINA	4	22N13787	22N13787-22N13787-Plate1	data/fastqs/LCWG_Novoseq_LOSH_Plate1/LOSH_001_22N13787_S143_L004_R1_001.fastq.gz	data/fastqs/LCWG_Novoseq_LOSH_Plate1/LOSH_001_22N13787_S143_L004_R2_001.fastq.gz	2225654.563	2336009.801
22N13792	1	Plate1	HC53KDSX7	ILLUMINA	4	22N13792	22N13792-22N13792-Plate1	data/fastqs/LCWG_Novoseq_LOSH_Plate1/LOSH_001_22N13792_S144_L004_R1_001.fastq.gz	data/fastqs/LCWG_Novoseq_LOSH_Plate1/LOSH_001_22N13792_S144_L004_R2_001.fastq.gz	2379005.735	2477594.709
22N13795	1	Plate1	HC53KDSX7	ILLUMINA	4	22N13795	22N13795-22N13795-Plate1	data/fastqs/LCWG_Novoseq_LOSH_Plate1/LOSH_001_22N13795_S145_L004_R1_001.fastq.gz	data/fastqs/LCWG_Novoseq_LOSH_Plate1/LOSH_001_22N13795_S145_L004_R2_001.fastq.gz	2554324.448	2666640.041
22N13796	1	Plate1	HC53KDSX7	ILLUMINA	4	22N13796	22N13796-22N13796-Plate1	data/fastqs/LCWG_Novoseq_LOSH_Plate1/LOSH_001_22N13796_S146_L004_R1_001.fastq.gz	data/fastqs/LCWG_Novoseq_LOSH_Plate1/LOSH_001_22N13796_S146_L004_R2_001.fastq.gz	2610890.565	2740856.481
22N13799	1	Plate1	HC53KDSX7	ILLUMINA	4	22N13799	22N13799-22N13799-Plate1	data/fastqs/LCWG_Novoseq_LOSH_Plate1/LOSH_001_22N13799_S147_L004_R1_001.fastq.gz	data/fastqs/LCWG_Novoseq_LOSH_Plate1/LOSH_001_22N13799_S147_L004_R2_001.fastq.gz	2092094.059	2057762.867
22N13801	1	Plate1	HC53KDSX7	ILLUMINA	4	22N13801	22N13801-22N13801-Plate1	data/fastqs/LCWG_Novoseq_LOSH_Plate1/LOSH_001_22N13801_S148_L004_R1_001.fastq.gz	data/fastqs/LCWG_Novoseq_LOSH_Plate1/LOSH_001_22N13801_S148_L004_R2_001.fastq.gz	2417025.405	2510989.761
22N13802	1	Plate1	HC53KDSX7	ILLUMINA	4	22N13802	22N13802-22N13802-Plate1	data/fastqs/LCWG_Novoseq_LOSH_Plate1/LOSH_001_22N13802_S149_L004_R1_001.fastq.gz	data/fastqs/LCWG_Novoseq_LOSH_Plate1/LOSH_001_22N13802_S149_L004_R2_001.fastq.gz	2050541.243	2063982.439
22N13803	1	Plate1	HC53KDSX7	ILLUMINA	4	22N13803	22N13803-22N13803-Plate1	data/fastqs/LCWG_Novoseq_LOSH_Plate1/LOSH_001_22N13803_S150_L004_R1_001.fastq.gz	data/fastqs/LCWG_Novoseq_LOSH_Plate1/LOSH_001_22N13803_S150_L004_R2_001.fastq.gz	2206057.603	2272333.803
22N13805	1	Plate1	HC53KDSX7	ILLUMINA	4	22N13805	22N13805-22N13805-Plate1	data/fastqs/LCWG_Novoseq_LOSH_Plate1/LOSH_001_22N13805_S151_L004_R1_001.fastq.gz	data/fastqs/LCWG_Novoseq_LOSH_Plate1/LOSH_001_22N13805_S151_L004_R2_001.fastq.gz	2192963.099	2252757.034
22N13807	1	Plate1	HC53KDSX7	ILLUMINA	4	22N13807	22N13807-22N13807-Plate1	data/fastqs/LCWG_Novoseq_LOSH_Plate1/LOSH_001_22N13807_S152_L004_R1_001.fastq.gz	data/fastqs/LCWG_Novoseq_LOSH_Plate1/LOSH_001_22N13807_S152_L004_R2_001.fastq.gz	1738790.833	1790804.08
22N13808	1	Plate1	HC53KDSX7	ILLUMINA	4	22N13808	22N13808-22N13808-Plate1	data/fastqs/LCWG_Novoseq_LOSH_Plate1/LOSH_001_22N13808_S153_L004_R1_001.fastq.gz	data/fastqs/LCWG_Novoseq_LOSH_Plate1/LOSH_001_22N13808_S153_L004_R2_001.fastq.gz	2500063.094	2585205.867
22N13809	1	Plate1	HC53KDSX7	ILLUMINA	4	22N13809	22N13809-22N13809-Plate1	data/fastqs/LCWG_Novoseq_LOSH_Plate1/LOSH_001_22N13809_S154_L004_R1_001.fastq.gz	data/fastqs/LCWG_Novoseq_LOSH_Plate1/LOSH_001_22N13809_S154_L004_R2_001.fastq.gz	2599115.18	2727491.559
22N13841	1	Plate1	HC53KDSX7	ILLUMINA	4	22N13841	22N13841-22N13841-Plate1	data/fastqs/LCWG_Novoseq_LOSH_Plate1/LOSH_001_22N13841_S156_L004_R1_001.fastq.gz	data/fastqs/LCWG_Novoseq_LOSH_Plate1/LOSH_001_22N13841_S156_L004_R2_001.fastq.gz	1964715.443	1996344.685
